university_id,name,slug,country,city,overview,estimated_living_cost_annual,population,admission_requirements,acceptance_rate,graduation_rate,financial_aid,website,avg_ug_tuition,avg_pg_tuition,ranking,logo,banner
IRL001,Trinity College Dublin,trinity-college-dublin,IE,Dublin,"Ireland's highest-ranked university, known for its historic campus and global research reputation in humanities and sciences.",18000,20000,"High GPA/A-Level equivalent; IELTS 6.5; CAO for EU students.",33.5,89.0,"TCD Global Excellence Scholarships; GOI-IES Government Scholarships.","www.tcd.ie",26500,24500,87,https://www.tcd.ie/media/tcd/site-assets/images/tcd-logo.png,https://pxl-tcdie.terminalfour.net/fit-in/1500x9999/filters:no_upscale()/filters:format(webp)/filters:quality(100)/prod01/channel_3/media/tcd/homepage/images/frontsquare-2025.jpg
IRL002,University College Dublin,university-college-dublin,IE,Dublin,"A leading research-intensive university with Ireland's largest student population and triple-accredited business school.",17500,38000,"Minimum GPA 3.0; IELTS 6.5; Subject-specific A-Level/IB requirements.",45.0,86.0,"UCD Global Graduate Scholarships; Ad Astra Excellence Awards.","www.ucd.ie",23000,21500,118,https://www.ucd.ie/t4media/crest-ucd.svg,https://www.ucd.ie/t4media/Mobile_Dec%204-12.jpg
IRL003,ICD Business School,icd-business-school,IE,Dublin,"A boutique business school specialized in professional Accounting, Finance, and Business qualifications validated by QQI.",15500,2000,"Secondary school completion; IELTS 6.0; Interview for some programs.",75.0,82.0,"Institutional bursaries for international students based on merit.","icd.ie",8500,9500,0,https://icd.ie/wp-content/uploads/2025/09/ICD-new-25-years-logo-TRANSPARENT-1.png,https://icd.ie/wp-content/uploads/2019/11/img_1814.jpg
IRL004,American College Dublin,american-college-dublin,IE,Dublin,"Offers dual US and Irish accreditation, specializing in liberal arts, business, and performing arts.",16500,1500,"High school diploma; Personal statement; IELTS 6.0 minimum.",80.0,78.0,"ACD Merit Scholarships based on high school GPA.","acd.iamu.edu",13000,14500,0,https://acd.iamu.edu/wp-content/uploads/2024/07/logo-crestless.png,https://acd.iamu.edu/wp-content/uploads/2024/08/Master-of-Business-in-International-Business-1024x614.jpeg
IRL005,Griffith College,griffith-college,IE,Dublin,"Ireland's largest independent college with a strong focus on media, law, and professional computing degrees.",16000,7000,"IELTS 6.0; Recognized secondary school exit certificate; CV for PGT.",72.0,80.0,"Griffith College Bursaries; International Student Merit Scholarships.","www.griffith.ie",12500,14500,0,https://www.griffith.ie/themes/custom/griffith2022/assets/logos/logo-2x-black.webp,https://www.griffith.ie/sites/default/files/2025-01/course-page-hero-header-5_0.jpg
IRL006,Dublin Business School,dublin-business-school,IE,Dublin,"Specializes in career-focused education in Business, Law, and Psychology in Dublin city center.",16000,9000,"IELTS 6.0 (UG) or 6.5 (PG); Standard secondary school completion.",85.0,81.0,"Early bird payment discounts; Student progression scholarships.","www.dbs.ie",12000,14000,0,https://www.dbs.ie/images/default-source/logos/dbs-logo-2019-small.png?sfvrsn=ff5c6eea_2,https://www.dbs.ie/images/default-source/default-album/hci-dbsb452f62a53ff6d7ebe9cff000003f2be-tmb--738-450.jpg?sfvrsn=3ae358ec_2
IRL007,Dundalk Institute of Technology,dundalk-institute-of-technology,IE,Dundalk,"A key regional hub providing industry-focused programs in engineering, health, and creative media.",14000,5000,"IELTS 6.0; Standard academic school leaving certificates.",70.0,83.0,"DKIT International Student Scholarships for non-EU applicants.","www.dkit.ie",11500,12500,0,https://isesa.ie/wp-content/uploads/2025/09/Dundalk-Institute-of-Technology-Logo.jpg,https://www.dkit.ie/sites/default/files/styles/bb_card_large_2x/public/migrated/OpenDay11_1400.jpg.webp?itok=aWmyDOAf
IRL008,National College of Art and Design,national-college-of-art-and-design,IE,Dublin,"Ireland's only dedicated art and design institution offering specialized studio-based degrees.",16500,1500,"Portfolio mandatory; IELTS 6.5; Strong academic background in arts.",25.0,91.0,"Limited institution-specific art grants; NCAD Master’s bursaries.","www.ncad.ie",17000,18500,0,https://www.ncad.ie/files/download/NCAD_SMALL_Logo.jpg,https://www.ncad.ie/images/homepage/6W5A9687~2_xlarge.jpg
IRL009,University College Cork,university-college-cork,IE,Cork,"A world-class research university in Ireland's second city, known for medicine, science, and sustainability.",15000,24000,"GPA 3.0+ for international applicants; IELTS 6.5; Personal statement.",52.0,87.0,"Quercus Entrance Scholarships; UCC International Merit Scholarships.","www.ucc.ie",22500,20500,285,https://www.ucc.ie/en/media/2017siteassets/images/ucc-central-header-logo.svg,https://www.ucc.ie/en/media/1newsimages/arch-aerial.webp
IRL010,Dorset College,dorset-college,IE,Dublin,"Independent college focused on technical education and business skills tailored for the modern workforce.",15500,1500,"IELTS 6.0; High school completion; Online application and interview.",88.0,79.0,"Standard international student fee discounts for early enrollment.","dorset.ie",10500,12500,0,https://e067c41a.delivery.rocketcdn.me/wp-content/uploads/Logo_WebSite.png,https://e067c41a.delivery.rocketcdn.me/wp-content/uploads/iStock-520498688-1024x683.jpg
IRL011,University of Galway,university-of-galway,IE,Galway,"A top-tier research university on Ireland's west coast, world-renowned for MedTech, marine science, and a vibrant cultural campus.",15500,20000,"GPA 3.0+; IELTS 6.5 (min 6.0 in bands); Standard CAO for EU applicants.",47.0,88.0,"Global Excellence Scholarships; Government of Ireland (GOI-IES) scholarships.","www.universityofgalway.ie",20500,19500,273,https://upload.wikimedia.org/wikipedia/en/7/79/University_of_Galway_logo_2022.png,https://www.universityofgalway.ie/homepageheroimages/HEROIMAGE_cropped.jpg
IRL012,Munster Technological University,munster-technological-university,IE,Cork,"A leading technological university specializing in industry-aligned degrees in engineering, business, and art across six campuses.",15000,18000,"IELTS 6.0 (UG) / 6.5 (PG); Recognized secondary school exit cert; Portfolio for Art/Music.",65.0,82.0,"Non-EU Merit Scholarships (€2,500 - €3,000 reduction); Early payment discounts.","www.mtu.ie",13500,14000,0,https://marketing.mtu.ie/contentfiles/images/MTU/Logos/MTU-social-Profile-Logo.jpg,https://www.mtu.ie/media/mtu-website/card-images/mtu-370px-cards/mtu-students-bench.jpg
IRL013,Atlantic Technological University Donegal,atlantic-technological-university-donegal,IE,Donegal,"Part of the ATU network, offering high-quality professional education in a scenic, low-cost region with strong industry links.",13000,8000,"IELTS 6.0; Standard academic school leaving certs; Minimum scores vary by course.",75.0,81.0,"International Fee Scholarships for Non-EU students; Erasmus+ opportunities.","www.atu.ie",12000,14000,0,https://www.atu.ie/app/themes/atu-theme/assets/main/img/layout/logo-full-accent.svg,https://www.atu.ie/app/uploads/2026/01/Group-photo-Patrick-Mc-Ginty-Annual-Busary-scaled-1033.5x0-c-default.webp
IRL014,CCT College Dublin,cct-college-dublin,IE,Dublin,"A specialized private college in the heart of Dublin focused on Computing, IT, and Business with a strong focus on employability.",16500,2000,"Secondary completion; IELTS 6.0 (UG) / 6.5 (PG); CV/Reference for PGT entry.",82.0,79.0,"Institutional merit-based bursaries; Group enrollment discounts.","www.cct.ie",8600,13500,0,https://www.cct.ie/wp-content/uploads/CCT_Logo_New_Aug_17-578x200.png,https://www.cct.ie/wp-content/uploads/Webp.net-resizeimage-18.jpg
IRL015,University of Limerick,university-of-limerick,IE,Limerick,"Known for its expansive green campus and 'Co-operative Education' program, which includes mandatory work placements for most UG students.",14500,16500,"GPA 3.0+; IELTS 6.5; Portfolio for architecture or design programs.",55.0,87.0,"UL Global Excellence Scholarships; Kemmy Business School specific awards.","www.ul.ie",21500,19000,421,https://www.ul.ie/themes/custom/ul/logo.svg,https://www.ul.ie/sites/default/files/styles/news_teaser/public/2026-01/Limerick%20Student%20City%20002.jpg?itok=63RPyk9s
IRL016,Mary Immaculate College,mary-immaculate-college,IE,Limerick,"A specialized university college for Education and the Liberal Arts, highly regarded for primary teacher training and humanities.",13500,5000,"IELTS 6.5 (min 6.0 in bands); Successful CAO points for EU; High GPA for Non-EU.",60.0,90.0,"MIC International Student Scholarships; Graduate assistantships for PGT.","www.mic.ul.ie",13500,14500,0,https://www.mic.ul.ie/themes/custom/mic/images/logo-blue.svg,https://www.mic.ul.ie/sites/default/files/styles/slide/public/2023-01/Limerick%20Student%20City%20016%20Pic%20Alan%20Place%20840x540_0.jpg?itok=OxqDF5_S
IRL017,RCSI University of Medicine and Health Sciences,rcsi,IE,Dublin,"A world-leading health sciences university specializing in Medicine, Pharmacy, and Physiotherapy with a global alumni network.",18500,4000,"Extremely high academic requirements; HPAT-Ireland for EU; IELTS 7.0; Interviews.",15.0,94.0,"RCSI International Pharmacy Scholarships; Aim High Scholarships.","www.rcsi.com",38000,22000,0,https://www.rcsi.com/assets/images/logos/logo-uni.svg,https://www.rcsi.com/-/media/feature/page-content/content-block/555x315/rcsi-graduate-2.jpg
IRL018,Maynooth University,maynooth-university,IE,Maynooth,"Ireland's fastest-growing university, famous for its historic heritage and leading research in social sciences and mathematics.",15000,15000,"GPA 3.0+; IELTS 6.5; Standard secondary certs (A-Levels/IB/High School).",42.0,85.0,"MU Taught Master's Scholarships; Sports Scholarships; Entrance Awards.","www.maynoothuniversity.ie",17500,16500,801,https://www.maynoothuniversity.ie/sites/all/themes/nuim_themes/nuim/logo_old_2.png,https://www.maynoothuniversity.ie/sites/all/themes/nuim_themes/nuim/img/desks.jpg
IRL019,Institute of Art Design and Technology Dun Laoghaire,institute-of-art-and-design-technology-dun-laoghaire,IE,Dun Laoghaire,"Ireland's premier institute for the creative cultural and technological sectors, home to the National Film School.",16500,2500,"Portfolio mandatory for most courses; IELTS 6.0; Creative assessment for some programs.",35.0,84.0,"IADT International Student Scholarships; Creative Arts grants.","iadt.ie",13500,15000,0,https://cdn.wpmeducation.com/53544f/9bd34cbd34/422F-E95F-4A51-A938-9EE2.png,https://iadt.ie/wp-content/uploads/2020/06/LIbrary_280_180_85_c1.jpg
IRL020,Dublin City University,dublin-city-university,IE,Dublin,"Consistently ranked as a world leader in young university league tables, DCU is known for innovation, enterprise, and journalism.",17000,17500,"Minimum GPA 3.0; IELTS 6.5; Strong academic record in relevant subjects.",45.0,89.0,"DCU International Merit Scholarships; Alumni discounts; Sport Scholarships.","www.dcu.ie",18500,18000,430,https://www.dcu.ie/sites/default/files/dcu_logo_web_0.png,https://www.dcu.ie/sites/default/files/styles/traditional_television/public/phone_buyers_editor/2023-07/GLA%20Campus.jpg.webp?h=1ed1e818&itok=KX8fOnFE
IRL021,National College of Ireland,national-college-of-ireland,IE,Dublin,"A specialized institution in Dublin's IFSC district focusing on business, computing, and psychology with high graduate employability.",17500,4500,"GPA 3.0 or 70%+ in final school exams; IELTS 6.0 (UG) or 6.5 (PG); No application fee for 2026.",52.0,85.0,"NCI International Merit Scholarships (up to €5,000); Early bird discounts.","www.ncirl.ie",12000,17000,0,https://www.ncirl.ie/Portals/_default/Skins/NCIRL/Images/logo-NCI-negative.png,https://www.ncirl.ie/Portals/0/Images/450x253-Cards-Teasers/img-students-undergraduates-at%20NCI-entrance.jpg
IRL022,Atlantic Technological University,atlantic-technological-university,IE,Galway,"A massive technological university serving the West and North-West with campuses in Galway, Mayo, Sligo, and Donegal.",15000,22500,"IELTS 6.0; Recognized secondary school exit cert; Deposit of €1,000 required within 30 days of offer.",56.0,81.0,"International Student Scholarships for non-EU applicants; Erasmus+ grants.","www.atu.ie",12500,14000,851,https://www.atu.ie/app/themes/atu-theme/assets/main/img/layout/logo-full-accent.svg,https://www.atu.ie/app/uploads/2026/01/54491365515_525f4d0bb2_k-1033.5x0-c-default.webp
IRL023,South East Technological University,south-east-technological-university,IE,Waterford,"The first technological university in southeast Ireland, formed by the merger of IT Carlow and WIT, emphasizing regional innovation.",14500,18500,"Minimum GPA 2.5; IELTS 6.0 (UG) / 6.5 (PG); Specific lab/studio portfolio for certain courses.",68.0,82.0,"SETU Global Entry Awards (€1,000 to €4,000); Scholarships for Academic Excellence.","www.setu.ie",13500,14500,1501,https://www.setu.ie/img/logos/setu-logo.svg,https://www.setu.ie/imager/events/196549/Progression_Pathway_Workshops_2024_bc9e4c42e52fd22ff41eda620350ec20.webp?width=2000
IRL024,Carlow College St Patrick’s,carlow-college-st-patricks,IE,Carlow,"Ireland's second oldest third-level institution, specializing in liberal arts, psychology, and social care in a historic setting.",13500,1000,"Successfully completed second-level qualification; IELTS 6.5 preferred; SAT/ACT results for US students.",70.0,85.0,"Non-EU fee reductions for specific partner institutions; Study abroad grants.","carlowcollege.ie",10500,12000,0,https://carlowcollege.ie/media//CC_Primary_Logo_RGB-2-e1692961337132-2048x713.png,https://carlowcollege.ie/media/university-students-relaxing-2022-03-07-23-55-39-utc-scaled.jpg
IRL025,St Patrick’s Pontifical University,st-patricks-pontifical-university,IE,Maynooth,"A specialized pontifical university sharing a campus with Maynooth University, focused on theology, philosophy, and religious studies.",14500,800,"Secondary school completion with good grades; IELTS 6.5; Interview for certain theology programs.",75.0,88.0,"Limited specialized bursaries for theological research and ministry students.","sppu.ie",12000,13500,0,https://sppu.ie/assets/images/logo-dark-square-0526135146.svg,https://sppu.ie/imager/files/images/18143/Student-Ambassadors-Walking-through-campus-13_092560c37b2c57964be6291a63f3e5ab.jpg
IRL026,Technological University of the Shannon,technological-university-of-the-shannon,IE,Limerick,"A multi-campus technological university (TUS) serving the Midlands and Midwest, known for applied research and industry links.",14500,15000,"IELTS 6.0; Standard academic school leaving certs; Minimum scores vary by technical discipline.",72.0,83.0,"TUS International Scholarships for non-EU applicants; Merit awards based on GPA.","tus.ie",12500,14500,0,https://tus.ie/app/themes/app-theme/assets//main/img/layout/logo.svg,https://tus.ie/app/uploads/Marketing/Open-Days-Image-Homepage-504x0-c-default.webp
IRL027,TU Dublin,tu-dublin,IE,Dublin,"Ireland's first technological university with a major new flagship campus at Grangegorman, catering to over 30,000 students.",17000,30000,"IELTS 6.0 (UG) / 6.5 (PG); Portfolio for creative arts; High school graduation with good GPA.",51.0,84.0,"TU Dublin International Student Scholarships; Centenary Scholarship Program.","www.tudublin.ie",14500,16500,851,https://pxl01-tudublinie.terminalfour.net/prod01/tudublin-cdn-pxl/media/website/site-assets/images/tu-dublin-logo.svg,https://pxl01-tudublinie.terminalfour.net/fit-in/1920x500/filters:format(webp)/filters:quality(80)/0x0:1920x500/prod01/tudublin-cdn-pxl/media/website/images/hero-slider/students-canteen-brand-campaign-hero.png
UK001,Abertay University,abertay-university,UK,Dundee,"A modern university in Dundee world-renowned for its pioneering degrees in video games and ethical hacking.",12500,4500,"UCAS tariff 96-120; IELTS 6.0; Relevant subjects for technical degrees.",85.0,82.0,"Abertay International Scholarship (£3,000 per year).","https://www.abertay.ac.uk/",16500,18000,85,https://assets.studies-overseas.com/Abertay_University_Desktop_U_Niversity_Logo_b09a8e45ee.webp
UK002,Aberystwyth University,aberystwyth-university,UK,Aberystwyth,"A historic Welsh university known for its research excellence and being the first to offer International Politics.",12000,7800,"UCAS tariff 104-120; IELTS 6.5; Personal statement required.",88.0,84.0,"Aberystwyth International Scholarship; Entrance Exams bursaries.","https://www.aber.ac.uk/en/",17500,18500,43,https://www.aber.ac.uk/img/logo/au-logo.svg
UK003,Anglia Ruskin University,anglia-ruskin-university,UK,Cambridge,"A large, global university with a strong focus on nursing, education, and social sciences across East Anglia.",14500,26500,"UCAS tariff 96-112; IELTS 6.0 (UG) / 6.5 (PG); School leaving certs.",82.0,80.0,"International Merit Scholarship (up to £2,000); ARU Alumni discount.","https://www.aru.ac.uk/",16000,17500,105,https://encrypted-tbn0.gstatic.com/images?q=tbn:ANd9GcSvQc0tpIlMdLo1Gj763LqGTDHM6mgD9mWIuQ&s
UK004,Arden University,arden-university,UK,Birmingham,"A specialist in blended and online learning providing flexible vocational degrees for professional career growth.",13500,22000,"Standard Level 3 qualifications; IELTS 6.0; Work experience considered.",92.0,75.0,"Regional fee offers; Early bird discounts for international students.","https://arden.ac.uk/",14000,15500,0,https://cdn.arden.ac.uk/s3fs-public/logo/logo.svg
UK005,Arts University Bournemouth,arts-university-bournemouth,UK,Bournemouth,"A leading specialist arts institution providing studio-based education in film, fashion, and fine arts.",14000,3400,"Portfolio is mandatory; UCAS tariff 112-128; IELTS 6.0.",35.0,89.0,"AUB International Global Bursary (£2,000 - £5,000).","https://aub.ac.uk/",18500,20500,55,https://www.newdesigners.com/wp-content/smush-webp/2025/03/AUB_secondary-logo_black.jpg.webp
UK006,Arts University Plymouth,arts-university-plymouth,UK,Plymouth,"A boutique independent arts university focused on contemporary crafts, design, and digital media.",13000,1500,"Portfolio review; IELTS 6.0; Relevant Level 3 creative subjects.",85.0,78.0,"International Student Creative Scholarship; Materials grants.","https://www.aup.ac.uk/",16500,17500,80,https://makingfutures.org.uk/wp-content/uploads/2024/02/AUP-logo-black.png
UK007,Aston University,aston-university,UK,Birmingham,"A triple-accredited business school located in the heart of Birmingham with a high focus on employability.",14000,15500,"UCAS tariff 120-136; IELTS 6.5; Strong academic record for Pharmacy/Eng.",50.0,88.0,"Aston Global Excellence Scholarship (up to £5,000); MBA grants.","https://www.aston.ac.uk/",19500,21000,45,https://www.aston.ac.uk/themes/custom/aston_university/logo.svg
UK008,Bangor University,bangor-university,UK,Bangor,"Set in North Wales, it is top-rated for student satisfaction and world-leading research in psychology and ocean sciences.",12500,10000,"UCAS tariff 104-120; IELTS 6.0 (UG) / 6.5 (PG).",80.0,85.0,"Bangor International Scholarship (up to £3,000); Alumni loyalty award.","https://www.bangor.ac.uk/",17500,19000,52,https://www.bangor.ac.uk/themes/custom/bangor/images/logo-black.svg
UK009,Bath Spa University,bath-spa-university,UK,Bath,"Known for creativity and culture, this university offers beautiful campuses and specialized arts and humanities programs.",14500,8500,"UCAS tariff 104-120; Portfolio for arts; IELTS 6.0.",72.0,83.0,"International Vice-Chancellor's Scholarship; Global Citizenship bursary.","https://www.bathspa.ac.uk/",16500,17500,90,https://upload.wikimedia.org/wikipedia/commons/thumb/1/18/Bath_Spa_University_logo.svg/1280px-Bath_Spa_University_logo.svg.png
UK010,BIMM University,bimm-university,UK,London,"The premier provider of creative industry education, specializing in music, film, and performing arts across Europe.",17500,2000,"Audition or Portfolio; IELTS 6.0; Level 3 creative qualification.",70.0,81.0,"BIMM Global Scholarship; Early payment discounts.","https://www.bimm.ac.uk/london/",16000,18500,0,https://www.bimm.ac.uk/wp-content/uploads/2025/09/BIMM-Logo-black_PS.png
UK011,"Birkbeck, University of London",birkbeck-college-university-of-london,UK,London,"London's evening university, allowing students to work during the day while earning a University of London degree.",17500,11000,"Standard university entry reqs; IELTS 6.5; Emphasis on personal statement.",75.0,79.0,"Birkbeck International Merit Scholarships; Alumni discounts.","https://www.bbk.ac.uk/",17500,21000,102,https://www.bbk.ac.uk/images/two-students-in-library_ezyfMLK.max-1603x687.jpg
UK012,Birmingham City University,birmingham-city-university,UK,Birmingham,"A large, diverse university in Birmingham focusing on professional practice in media, nursing, and engineering.",13500,26500,"UCAS tariff 96-120; IELTS 6.0 (UG) / 6.5 (PG).",60.0,82.0,"BCU International Vice-Chancellor's Scholarship (£2,000).","https://www.bcu.ac.uk/",16500,18000,100,https://wp.logos-download.com/wp-content/uploads/2020/07/Birmingham_City_University_Logo.png
UK013,Birmingham Newman University,birmingham-newman-university,UK,Birmingham,"A smaller, community-focused university specialized in teacher training, social sciences, and theology.",13000,2800,"UCAS tariff 80-104; IELTS 6.0; DBS check for education courses.",88.0,80.0,"Newman International Bursary; Merit-based fee reductions.","https://newman.ac.uk/",14500,15500,118,https://newman.ac.uk/wp-content/themes/birmingham-newman-parent/assets/dist/img/logo-white.webp
UK014,Bournemouth University,bournemouth-university,UK,Bournemouth,"Home to the National Centre for Computer Animation and famous for media and placement-focused degrees.",13500,18500,"UCAS tariff 104-128; IELTS 6.0 (min 5.5 in bands).",65.0,86.0,"BU Academic Excellence Scholarship (£2,500 - £3,500).","https://www.bournemouth.ac.uk/",17500,18500,75,https://yt3.googleusercontent.com/d5e9mNa9fQEVbMqgsiJlbhxOwQPoGpi-lhpJRE9EbT4FG8YWygW0jxGvGFqupyCAsYtRC3F7ow=s900-c-k-c0x00ffffff-no-rj
UK015,Brunel University London,brunel-university-london,UK,London,"A campus-based university in West London with strong engineering, design, and sports science departments.",16500,15500,"UCAS tariff 112-128; IELTS 6.5 (min 6.0 in bands).",68.0,85.0,"Brunel International Excellence Scholarship (£6,000 reduction).","https://www.brunel.ac.uk/",20500,22500,95,https://www.brunel.ac.uk/image-library/logo/brunel-desktop.xef4804cf.svg
UK016,Buckinghamshire New University,buckinghamshire-new-university,UK,High Wycombe,"Offers unique professional courses in aviation, nursing, and creative industries near London.",14500,5500,"UCAS tariff 88-112; IELTS 6.0; Work experience for mature students.",85.0,78.0,"BNU International Scholarship (£1,500 per year).","https://www.bucks.ac.uk/",15500,16500,115,https://www.bucks.ac.uk/themes/custom/bucks/logo.svg
UK017,Canterbury Christ Church University,canterbury-christ-church-university,UK,Canterbury,"Specializes in public services like health and education, located in a historic cathedral city.",13500,13000,"UCAS tariff 88-112; IELTS 6.0; Health check for clinical courses.",82.0,81.0,"International Student Merit Scholarship; Partner institution discounts.","https://www.canterbury.ac.uk/",15500,16500,110,https://www.canterbury.ac.uk/_yMvA6Q_d3d46d41-6c0c-4bc9-8730-428c385783a3/static/img/logo-dark.svg
UK018,Cardiff Metropolitan University,cardiff-metropolitan-university,UK,Cardiff,"Top-ranked in Wales for student satisfaction and known for its elite sports and design departments.",13000,11500,"UCAS tariff 96-120; IELTS 6.0; Portfolio for Cardiff School of Art.",64.0,84.0,"Vice-Chancellor’s International Scholarship (£1,500).","https://www.cardiffmet.ac.uk/",16500,17500,71,https://www.cardiffmet.ac.uk/media/cardiff-met/site-assets/images/cardiff-logo-lg.svg
UK019,Cardiff University,cardiff-university,UK,Cardiff,"A Russell Group university in Wales' capital known for world-leading research and high employability.",13000,32000,"AAB-ABB (UCAS 128-144); IELTS 6.5-7.0.",25.0,91.0,"Vice-Chancellor's International Excellence Scholarship.","https://www.cardiff.ac.uk/",21500,24500,21,https://upload.wikimedia.org/wikipedia/commons/thumb/e/ef/Cardiff_University_%28logo%29.svg/960px-Cardiff_University_%28logo%29.svg.png
UK020,"City St George's, University of London",city-st-georges-university-of-london,UK,London,"A newly merged power-house institution specializing in health, business, law, and engineering in Central London.",18000,22000,"UCAS tariff 128-144; IELTS 6.5-7.0; Strong academic reference.",35.0,90.0,"Global Leaders Scholarships; Business School specific awards.","https://www.citystgeorges.ac.uk/",21000,25000,38,https://www.citystgeorges.ac.uk/__data/assets/file/0018/810027/city-st-georges-responsive-logo.svg
UK021,Coventry University,coventry-university,UK,Coventry,"A forward-thinking university with a huge international student body and a focus on automotive design and business.",13500,32000,"UCAS tariff 104-120; IELTS 6.0 (UG) / 6.5 (PG).",70.0,82.0,"International Academic Excellence Scholarship (£2,000).","https://www.coventry.ac.uk/",18500,21000,58,https://www.heloa.ac.uk/wp-content/uploads/coventry-university-logo-scaled.jpg
UK022,Cranfield University,cranfield-university,UK,Cranfield,"A postgraduate-only university specialized in aerospace, defense, and management with close ties to industry.",14000,5500,"First or Upper Second Class degree; IELTS 6.5; Professional CV.",30.0,95.0,"Cranfield Scholarships; Industry-sponsored bursaries.","https://www.cranfield.ac.uk/",0,26500,0,https://study-eu.s3.eu-west-1.amazonaws.com/uploads/university/cranfield-university-logo.png
UK023,De Montfort University,de-montfort-university,UK,Leicester,"Located in Leicester, DMU is highly rated for teaching excellence and global mobility through DMU Global.",13500,28000,"UCAS tariff 104-120; IELTS 6.0.",75.0,83.0,"DMU International Scholarship (£1,500); Sport Scholarships.","www.dmu.ac.uk",16500,18500,101,https://storage-prtl-co.imgix.net/endor/organisations/245/logos/1499083809_Capture.JPG
UK024,Edge Hill University,edge-hill-university,UK,Ormskirk,"Consistently voted the safest campus in the UK, specialized in teacher training and health sciences.",12500,14500,"UCAS tariff 104-120; IELTS 6.0; Strong personal statement.",65.0,87.0,"International Excellence Scholarship (£3,000 reduction).","https://www.edgehill.ac.uk/",16000,17000,64,https://www.edgehill.ac.uk/wp-content/ehu-themes/ehu-wordpress-theme/resources/images/ehu_logo.webp
UK025,Edinburgh Napier University,edinburgh-napier-university,UK,Edinburgh,"The top modern university in Scotland with a strong focus on nursing, business, and creative industries.",14000,20500,"UCAS tariff 112-128; IELTS 6.0.",55.0,86.0,"South Asia/East Asia Merit Scholarships (£2,000).","https://www.napier.ac.uk/",17500,19500,88,https://www.napier.ac.uk/-/media/images/logos/harrietenu_logo_866x245.ashx?h=245&w=866&hash=6B7A69210835CD7430236569E85DF3CA
UK026,Falmouth University,falmouth-university,UK,Falmouth,"The UK's creative innovation hub, specializing in games, film, and photography on the Cornish coast.",13000,5500,"Portfolio/Audition; UCAS tariff 104-120; IELTS 6.0.",45.0,85.0,"Creative Excellence Scholarship; Falmouth Bursaries.","https://www.falmouth.ac.uk/",18000,19500,72,https://cdn.one-educationgroup.com/sites/2/2025/05/Falmouth-Logo-1.png
UK027,Glasgow Caledonian University,glasgow-caledonian-university,UK,Glasgow,"Known as the University for the Common Good, it specializes in health, business, and fashion marketing.",13000,22500,"UCAS tariff 96-120; IELTS 6.0.",72.0,84.0,"Magnusson Fund; NEW International Student Scholarship.","https://www.gcu.ac.uk/",16000,18000,82,https://encrypted-tbn0.gstatic.com/images?q=tbn:ANd9GcTHpAFA3Os6oAET79JNDWTmU24-dbKAa8pV8g&s
UK028,Goldsmiths University of London,goldsmiths-university-of-london,UK,London,"A world-famous institution for the arts, humanities, and social sciences with a radical, creative history.",17500,9500,"UCAS tariff 112-128; Portfolio for Art/Design; IELTS 6.5.",38.0,87.0,"Goldsmiths International Scholarship (£2,000 - £5,000).","https://www.gold.ac.uk/",19500,22500,81,https://www.graduatesfirst.com/wp-content/uploads/2021/09/GOLDSMITHS-3462410-1024x260.png
UK029,Harper Adams University,harper-adams-university,UK,Shropshire,"The UK's leading specialist university for the agri-food and rural sectors with a 100% placement record.",12500,4500,"UCAS tariff 104-120; IELTS 6.0; Passion for agriculture.",88.0,94.0,"Harper Adams International Scholarship; Entry bursaries.","https://www.harper-adams.ac.uk/",16500,17500,32,https://www.harper-adams.ac.uk/img/brand/white/HAU-logo.svg
UK030,Hartpury University,hartpury-university,UK,Gloucester,"A specialist institution for animal, equine, sport, and agriculture with world-class facilities and high employability.",13000,4500,"UCAS tariff 96-112; IELTS 6.0; Practical experience for equine/animal.",85.0,91.0,"Hartpury International Scholarship; Sports Excellence awards.","https://www.hartpury.ac.uk/",16000,17000,111,https://www.hartpury.ac.uk/media/wi1hxbbf/hartpury-logo-png.png
UK031,Health Sciences University,health-sciences-university,UK,London,"Formerly AECC, a specialist institution focusing on chiropractic, rehabilitation, and health sciences with clinical placement emphasis.",17500,3000,"UCAS 104-120; IELTS 6.0; Background in science (Biology/Chemistry) preferred.",78.0,84.0,"HSU Student Bursaries; International tuition fee discounts.","https://www.hsu.ac.uk/",16500,18500,0,https://www.hsu.ac.uk/wp-content/uploads/2024/07/hsu-logo-purple.svg
UK032,Heriot-Watt University,heriot-watt-university,UK,Edinburgh,"A leading global university specializing in science, technology, engineering, and business with campuses in Dubai and Malaysia.",14500,11500,"UCAS 112-128; IELTS 6.0 (UG) / 6.5 (PG); Strong math background for STEM.",65.0,86.0,"Heriot-Watt Merit Scholarships; International Excellence Awards.","https://www.hw.ac.uk/",19500,22500,44,https://images.seeklogo.com/logo-png/40/1/heriot-watt-university-logo-png_seeklogo-403977.png
UK033,Keele University,keele-university,UK,Keele,"Renowned for its massive single-site campus and pioneering dual-honours degrees in medicine, nursing, and social sciences.",12500,12500,"UCAS 112-128; IELTS 6.0 (min 5.5); High academic reference.",75.0,85.0,"Keele International Excellence Scholarship (£2,500 - £5,000).","https://www.keele.ac.uk/",17500,19500,62,https://www.keele.ac.uk/k-core/media/header/logo.svg
UK034,King's College London,kings-college-london,UK,London,"A top-tier Russell Group university in central London, world-famous for health sciences, law, and international affairs.",18500,33000,"AAA-AAB (UCAS 144-152); IELTS 7.0 (min 6.5 in all bands).",13.0,92.0,"King's Living Bursaries; Global Leaders Scholarship.","https://www.kcl.ac.uk/",26500,29500,7,https://upload.wikimedia.org/wikipedia/commons/thumb/1/14/King%27s_College_London_logo.svg/960px-King%27s_College_London_logo.svg.png
UK035,Kingston University,kingston-university,UK,Kingston upon Thames,"A top UK university for entrepreneurship and fashion, located in a scenic riverside suburb of London.",16500,19000,"UCAS 104-120; IELTS 6.0; Portfolio for Art and Design courses.",68.0,81.0,"International Development Scholarship (£2,000).","https://www.kingston.ac.uk/",16500,18000,92,https://encrypted-tbn0.gstatic.com/images?q=tbn:ANd9GcS25LKhpM6u7y7CsPH7YEV4eT7PH-bpIvB-wl_Zgfog&s
UK036,Lancaster University,lancaster-university,UK,Lancaster,"Consistently top-ranked Russell Group university known for its collegiate system and excellence in management and physics.",12500,16500,"AAB-ABB (UCAS 128-144); IELTS 6.5 (min 6.0 in bands).",18.0,91.0,"Lancaster Global Scholarship (£5,000 reduction); Alumni loyalty.","https://www.lancaster.ac.uk/",21000,24500,10,https://www.lancaster.ac.uk/media/wdp/style-assets/images/logos/lu-logo.svg
UK037,Leeds Arts University,leeds-arts-university,UK,Leeds,"The only specialist arts university in the North of England, offering highly creative studio-focused degrees.",13500,2500,"Portfolio is mandatory; UCAS 104-120; IELTS 6.0.",42.0,88.0,"International Student Creative Scholarship; Materials grants.","https://www.leeds-art.ac.uk/",17500,18500,74,https://www.heloa.ac.uk/wp-content/uploads/LeedsArtsUniversityLogo2017.jpg
UK038,Leeds Beckett University,leeds-beckett-university,UK,Leeds,"A modern, industry-focused university with a major focus on sports science, business, and creative technologies.",13500,24000,"UCAS 96-112; IELTS 6.0; Relevant Level 3 qualifications.",78.0,81.0,"International Merit Scholarship (£1,000 - £3,000 per year).","https://www.leedsbeckett.ac.uk/",15500,17500,106,https://www.leedsbeckett.ac.uk/-/media/images/global-asset-bank/logos/gaa-lbu-logo-new-white.svg?optimization=true&mw=1920&hash=3D016DAA8C2DDADB1F24A6845EA1B8F7
UK039,Leeds Trinity University,leeds-trinity-university,UK,Leeds,"A smaller, professional-focused university renowned for journalism and teacher training with mandatory work placements.",13000,5000,"UCAS 88-112; IELTS 6.0; DBS for education and social work.",84.0,83.0,"Leeds Trinity International Bursary; Alumni discounts.","https://www.leedstrinity.ac.uk/",14500,15500,119,https://pxl-v6-leedstrinityacuk.terminalfour.net/filters:format(webp)/filters:quality(80)/prod01/channel_2/media/site-assets/svg/svg-logo-2024.svg
UK040,Bishop Grosseteste University,lincoln-bishop-university,UK,Lincoln,"Founded as a teacher training college, now a full university known for its community feel and excellence in education.",12500,2500,"UCAS 96-112; IELTS 6.0; Strong academic reference.",88.0,85.0,"BGU International Student Scholarship; Excellence grants.","https://www.lincolnbishop.ac.uk/",14500,15500,103,https://www.oxfordinternational.com/app/uploads/2025/10/LINCOL1.png
UK041,Liverpool Hope University,liverpool-hope-university,UK,Liverpool,"The only ecumenical university in Europe, emphasizing small-group teaching and a liberal arts research focus.",13000,5000,"UCAS 96-112; IELTS 6.0; Focus on social responsibility.",82.0,81.0,"International Merit Scholarship; Partner institution grants.","https://www.hope.ac.uk/",13500,14500,109,https://www.hope.ac.uk/media/styleassets/images/hope_logo_130h.png
UK042,Liverpool John Moores University,liverpool-john-moores-university,UK,Liverpool,"A vibrant city university with world-leading research in sports science, maritime studies, and public health.",13000,25500,"UCAS 104-120; IELTS 6.0 (UG) / 6.5 (PG).",65.0,84.0,"LJMU International Achievement Scholarship (£3,000).","https://www.ljmu.ac.uk/",16500,17500,76,https://www.ljmu.ac.uk/-/media/ljmu/logos/ljmulogotransparent2.gif?la=en&h=550&w=1549&hash=395EA1E00B1C6C7282F5573B4571BE25
UK043,Liverpool School of Tropical Medicine,liverpool-school-of-tropical-medicine,UK,Liverpool,"A world-famous postgraduate research institution dedicated to global health and tropical infectious diseases.",13000,800,"First/Upper Second degree; IELTS 6.5; Professional medical experience.",20.0,96.0,"LSTM Bursaries; Chevening Scholarships; Wellcome Trust funding.","https://www.lstmed.ac.uk/",0,24000,0,https://www.lstmed.ac.uk/sites/all/themes/lstm/img/lstmed-ac-uk-logo.png
UK044,London Business School,london-business-school,UK,London,"A top-ranked global business school specializing exclusively in postgraduate and executive MBA programs.",18500,2500,"GMAT/GRE mandatory; IELTS 7.5; Minimum 3 years work experience.",12.0,98.0,"LBS Global Scholarships; Mo Ibrahim Foundation awards.","www.london.edu",0,45000,1,https://www.london.ac.uk/themes/custom/numiko/dist/uol-white-logo-6d52f0fd.svg
UK045,London Metropolitan University,london-metropolitan-university,UK,London,"Focused on social justice and diversity, providing career-ready skills in a central London setting.",17000,12500,"UCAS 88-104; IELTS 6.0 (min 5.5 in bands).",84.0,76.0,"Vice-Chancellor's International Scholarship (£2,500).","https://www.londonmet.ac.uk/",15500,16500,121,https://www.londonmet.ac.uk/media/london-met-redesign/site-assets/images/london-metropolitan-university-logo.svg
UK046,London South Bank University,london-south-bank-university,UK,London,"Specializes in professional technology and health, known for its entrepreneurial focus and central London location.",17000,15500,"UCAS 96-112; IELTS 6.0; Industry-related Level 3 background.",75.0,78.0,"LSBU International Merit Scholarship (£1,500 - £4,000).","https://www.lsbu.ac.uk/",15500,17000,113,https://www.lsbu.ac.uk/_resources/images-new/logos/lsbu-logo/LSBU-Logo_2023-v2.svg
UK047,Manchester Metropolitan University,manchester-metropolitan-university,UK,Manchester,"One of the largest universities in the UK, highly regarded for art, design, business, and degree apprenticeships.",13500,40000,"UCAS 112-128; IELTS 6.0 (UG) / 6.5 (PG); Portfolio for arts.",62.0,84.0,"MMU International Undergraduate Scholarship (£2,000).","https://www.mmu.ac.uk/",18500,20500,59,https://tukuz.com/wp-content/uploads/2021/04/manchester-metropolitan-university-logo-vector.png
UK048,Middlesex University,middlesex-university,UK,London,"A global university based in North London with a focus on creative industries, health, and law.",17000,18500,"UCAS 96-112; IELTS 6.0; School leaving certificates.",75.0,80.0,"Middlesex International Excellence Scholarship (£2,000).","https://www.mdx.ac.uk/",15500,17500,112,https://pxl-mdxacuk.terminalfour.net/prod01/channel_3/media/middlesex-university/site-assets/images/logo.8c9a22fe.png
UK049,Newcastle University,newcastle-university,UK,Newcastle upon Tyne,"A founding member of the Russell Group with world-class facilities in medicine, aging, and urban sustainability.",12500,29000,"AAA-ABB (UCAS 128-144); IELTS 6.5 (min 6.0 in bands).",22.0,91.0,"Newcastle Vice-Chancellor’s Excellence Scholarship.","https://www.ncl.ac.uk/",22500,25500,30,https://encrypted-tbn0.gstatic.com/images?q=tbn:ANd9GcSr0VMOAUJI67RDjFQQ212Ht6zsSjiY3XWh3w&s
UK050,Northeastern University London,northeastern-university-london,UK,London,"Offers a uniquely American-influenced liberal arts curriculum combined with rigorous UK degree standards.",18000,2000,"AAB-ABB; IELTS 7.0; Strong personal essay and interview.",35.0,88.0,"Merit-based scholarships up to 50% of tuition.","https://www.nulondon.ac.uk/",18500,22500,0,https://upload.wikimedia.org/wikipedia/commons/thumb/0/02/Northeastern_Wordmark.svg/960px-Northeastern_Wordmark.svg.png
UK051,Norwich University of the Arts,norwich-university-of-the-arts,UK,Norwich,"A leading specialist arts university focused on contemporary media, design, and fine arts in a historic creative city.",13000,2500,"Portfolio is essential; UCAS 104-120; IELTS 6.0.",45.0,87.0,"NUA International Student Scholarship; Creative grants.","https://norwichuni.ac.uk/",17500,18500,66,https://upload.wikimedia.org/wikipedia/commons/d/da/Norwich_University_Of_The_Arts_Logo_Stacked_RGB_BoY.jpg
UK052,Nottingham Trent University,nottingham-trent-university,UK,Nottingham,"Voted modern university of the year multiple times, famous for its employability and massive business and law schools.",13500,38000,"UCAS 112-128; IELTS 6.0 (UG) / 6.5 (PG).",60.0,86.0,"NTU Excellence Scholarships (up to 50% tuition reduction).","https://www.ntu.ac.uk/",17500,19500,42,https://encrypted-tbn0.gstatic.com/images?q=tbn:ANd9GcQARfpNPrHqtqaQP_l0mPh6Cv7vrP1YdyMpPw&s
UK053,Oxford Brookes University,oxford-brookes-university,UK,Oxford,"Top-ranked modern university with strong links to Formula 1, publishing, and international hospitality management.",15500,17500,"UCAS 112-128; IELTS 6.0 (UG) / 6.5 (PG).",65.0,85.0,"Oxford Brookes Global Merit Scholarship (£2,000).","https://www.brookes.ac.uk/",17500,19500,51,https://www.brookes.ac.uk/getmedia/355438e9-d5d7-4ba5-b880-88bf59d8bf4d/brookeslogo.svg
UK054,Queen Margaret University,queen-margaret-university,UK,Edinburgh,"Specializes in health, social sciences, and the creative industries with a focus on sustainable professional development.",13500,5200,"UCAS 104-112; IELTS 6.0; Relevant science certs for health.",75.0,84.0,"QMU International Student Scholarship (£2,000 - £3,000).","https://www.qmu.ac.uk/",16000,17500,83,https://www.qmu.ac.uk/images/logo.png
UK055,Queen Mary University of London,queen-mary-university-of-london,UK,London,"A Russell Group university with a strong focus on inclusion, dentistry, medicine, and legal research in East London.",18000,32000,"AAA-ABB (UCAS 128-144); IELTS 6.5-7.0.",35.0,89.0,"Global Excellence Scholarships; Law and Medicine awards.","https://www.qmul.ac.uk/",22500,26500,46,https://www.qmul.ac.uk/media/ow-assets/assets/icons/Queen-Mary_Est_1785_RGB_White_Dark-Yellow-3.png
UK056,Queen's University Belfast,queens-university-belfast,UK,Belfast,"A Russell Group member in Northern Ireland with a rich heritage in engineering, medicine, and global peace studies.",12000,25000,"AAB-ABB (UCAS 128-144); IELTS 6.5 (min 6.0).",38.0,90.0,"International Office Undergraduate Scholarship (£2,500).","https://www.qub.ac.uk/",19500,21500,26,https://upload.wikimedia.org/wikipedia/commons/thumb/0/0d/Queen%E2%80%99s_Red_Log.svg/960px-Queen%E2%80%99s_Red_Log.svg.png
UK057,Ravensbourne University London,ravensbourne-university-london,UK,London,"An innovative specialist institution on the Greenwich Peninsula focused on digital media, fashion, and design.",17500,3500,"Portfolio is mandatory; UCAS 104-112; IELTS 6.0.",48.0,85.0,"Ravensbourne International Bursaries; Early payment discount.","https://www.ravensbourne.ac.uk/",17500,18500,0,https://www.oxfordinternational.com/app/uploads/2025/08/Ravensbourne_Logo_Primary_WBG_RGB-scaled.png
UK058,Regent's University London,regents-university-london-limited,UK,London,"A private university in Regent’s Park offering a highly internationalized education in business, fashion, and psychology.",18500,2500,"Secondary completion with good GPA; IELTS 6.5; Interview.",78.0,84.0,"Regent's Merit Scholarships; Partner institution grants.","https://www.regents.ac.uk/",23500,26500,0,https://assets.studies-overseas.com/Regent_s_University_London_Desktop_U_Niversity_Logo_dc0dca112c.webp
UK059,Roehampton University,roehampton-university,UK,London,"London's only traditional parkland campus, specializing in psychology, education, and social sciences.",16500,10000,"UCAS 96-112; IELTS 6.0 (UG) / 6.5 (PG).",74.0,82.0,"Roehampton International Excellence Scholarship (£2,500).","https://www.roehampton.ac.uk/",15500,16500,98,https://www.roehampton.ac.uk/Static/images/roehampton-logo-trans.svg
UK060,Royal Agricultural University,royal-agricultural-university,UK,Cirencester,"A world-leading specialist in agri-food, rural land management, and equine business located in the Cotswolds.",13500,1200,"UCAS 96-112; IELTS 6.0; Passion for rural industries.",85.0,92.0,"RAU International Scholarship; Rural leader grants.","https://www.rau.ac.uk/",16500,17500,87,https://www.rau.ac.uk/themes/rau/logo.svg
UK061,"Royal Veterinary College, University of London",royal-veterinary-college-university-of-london,UK,London,"The world's leading veterinary school, providing specialist clinical and research programs for animal health professionals.",18000,4500,"AAA-ABB (Science-based); IELTS 7.0; Work experience with animals required.",15.0,94.0,"RVC International Scholarships; Commonwealth Scholarships.","https://www.rvc.ac.uk/",41000,28500,1,https://www.rvc.ac.uk/Themes/RVCTheme/content/logo.png
UK062,Sheffield Hallam University,sheffield-hallam-university,UK,Sheffield,"One of the UK's largest and most progressive universities, known for its strong focus on industry placements and nursing.",12500,32000,"UCAS 104-120; IELTS 6.0 (UG) / 6.5 (PG); Strong personal statement.",72.0,84.0,"Transform Together Scholarships (50% tuition reduction).","https://www.shu.ac.uk/",16500,17500,68,https://www.shu.ac.uk/dist/img/logo-shu.svg
UK063,"SOAS, University of London",soas-university-of-london,UK,London,"A world-leading institution for the study of Asia, Africa, and the Middle East, specializing in humanities, law, and politics.",18000,6000,"AAB-BBB (UCAS 120-136); IELTS 7.0 (min 6.5 in bands).",40.0,88.0,"SOAS International Excellence Scholarships (£5,000).","https://www.soas.ac.uk/",21500,24500,34,https://www.soas.ac.uk/sites/default/files/styles/16_9_media_huge/public/2024-08/Students%20chatting%20precinct.jpg?h=ea57b902&itok=dclvuT98
UK064,Southampton Solent University,southampton-solent-university,UK,Southampton,"A dynamic, industry-focused university known for its maritime academy and creative technology programs.",13000,10500,"UCAS 96-112; IELTS 6.0; Relevant Level 3 qualifications.",82.0,79.0,"Solent International Scholarship (£1,000 - £2,000).","https://www.solent.ac.uk/",15500,16500,116,https://www.solent.ac.uk/graphics/logo/logo.svg
UK065,St Mary's University College,st-marys-university-college,UK,Belfast,"A specialist Catholic university college in Belfast dedicated to primary and secondary teacher education.",11500,1000,"UCAS 104-120; IELTS 6.5; Successful interview and DBS check.",85.0,92.0,"Institutional bursaries for education and social science students.","https://www.stmarys-belfast.ac.uk/",14000,15000,0,https://www.stmarys-belfast.ac.uk/app/uploads/2023/04/header-logo.svg
UK066,St Mary's University,st-marys-university,UK,London,"A London-based university with a strong focus on sports science, teacher training, and theology in a parkland campus.",16500,5500,"UCAS 96-112; IELTS 6.0 (UG) / 6.5 (PG).",78.0,85.0,"International Student Scholarship (£1,500 - £3,000).","https://www.stmarys.ac.uk/",15500,16500,81,https://www.stmarys.ac.uk/image-library/sm-logo/london-coloured-crest-logo.x09487e44.png
UK067,Stranmillis University College,stranmillis-university-college,UK,Belfast,"A constituent college of Queen's University Belfast specializing in high-quality teacher training and early childhood studies.",11500,1500,"UCAS 112-128; IELTS 6.5; Interview for BEd programs.",88.0,94.0,"Standard Northern Ireland student support and limited bursaries.","https://www.stran.ac.uk/",14000,15000,0,https://www.stran.ac.uk/wp-content/uploads/2025/10/stranmillis-college-logo.png.webp
UK068,Swansea University,swansea-university,UK,Swansea,"A research-led university with two beachfront campuses, renowned for engineering, medicine, and law.",12500,21000,"ABB-BBB (UCAS 120-128); IELTS 6.0 (UG) / 6.5 (PG).",65.0,88.0,"International Excellence Scholarships (up to £6,000).","https://www.swansea.ac.uk/",19500,21000,39,https://ik.imagekit.io/s1sp3stox/_web/img/logo/stacked/logo-white-stacked-en.svg
UK069,Teesside University,teesside-university,UK,Middlesbrough,"A modern university in the North East with a global reputation for animation, games design, and digital innovation.",11500,20000,"UCAS 96-112; IELTS 6.0; School leaving certificates.",82.0,80.0,"Global Scholarship (£1,500); Teesside University Alumni discount.","https://www.tees.ac.uk/",15000,16500,91,https://www.tees.ac.uk/depts/srm/templates/Teesside%20University%20Black.png
UK070,Robert Gordon University,the-robert-gordon-university,UK,Aberdeen,"Consistently rated as one of the UK's top universities for graduate employability, specializing in energy and health.",12500,16500,"UCAS 112-128; IELTS 6.0 (UG) / 6.5 (PG).",72.0,87.0,"RGU Vice-Chancellor’s Scholarship (full first-year tuition).","https://www.rgu.ac.uk/",16500,18500,73,https://www.rgu.ac.uk/media/templates/site/robertgordon/images/rgu_logo.png
UK071,The University of Buckingham,the-university-of-buckingham,UK,Buckingham,"The UK's first independent university, famous for its 2-year accelerated degrees and small class sizes.",13500,3000,"Standard entry reqs; IELTS 6.5; Interview for most courses.",78.0,86.0,"Buckingham Merit Scholarships; High achiever fee reductions.","https://www.buckingham.ac.uk/",21500,24500,104,https://www.buckingham.ac.uk/wp-content/themes/bucks2016/images/Full_Logo_Outline_White_SOLID_200px.png
UK072,The University of Law,the-university-of-law-limited,UK,London,"The UK's largest specialist provider of legal education, with a major focus on professional employability.",17500,10000,"UCAS 104-120; IELTS 6.5; Pass in Law National Aptitude Test (LNAT).",85.0,91.0,"Career Change Scholarship; Law First scholarships.","https://www.law.ac.uk/",16500,18500,0,https://www.law.ac.uk/assets/img/navigation/ulaw-logo.svg
UK073,The University of Northampton,the-university-of-northampton,UK,Northampton,"Known for its high-tech Waterside Campus and commitment to social impact and entrepreneurship.",12500,14500,"UCAS 96-112; IELTS 6.0; Strong academic reference.",84.0,79.0,"Northampton International Scholarship (up to 30% reduction).","https://www.northampton.ac.uk/",15500,16500,112,https://www.staffordglobal.org/wp-content/uploads/2024/05/uon-logo.png
UK074,The University of Salford,the-university-of-salford,UK,Salford,"Located in Greater Manchester, it is a hub for media and digital innovation next to MediaCityUK.",13000,21500,"UCAS 104-120; IELTS 6.0 (UG) / 6.5 (PG).",70.0,81.0,"Salford International Excellence Scholarship (£3,000).","https://www.salford.ac.uk/",16500,18000,89,https://www.salford.ac.uk/themes/custom/uos/img/logo-horizontal.png
UK075,The University of Sheffield,the-university-of-sheffield,UK,Sheffield,"A prestigious Russell Group university in a green city, top-rated for engineering and social research.",12500,30000,"AAA-AAB (UCAS 144-152); IELTS 6.5 (min 6.0 in bands).",14.0,91.0,"International Undergraduate Merit Scholarship (50% tuition).","https://sheffield.ac.uk/",22500,26500,18,https://sheffield.ac.uk/themes/custom/uos_public/images/logos/uos-crest.svg
UK076,The University of West London,the-university-of-west-london,UK,London,"Rated the top modern university in London, specializing in music, hospitality, and nursing.",17500,12000,"UCAS 96-112; IELTS 6.0; Relevant work experience for PGT.",75.0,82.0,"International Ambassador Scholarships (£5,000).","https://www.uwl.ac.uk/",15500,16500,77,https://www.uwl.ac.uk/themes/custom/rutherford/images/logo.svg
UK077,The University of Winchester,the-university-of-winchester,UK,Winchester,"A value-driven university specializing in the arts, humanities, and social sciences in a historic cathedral city.",14000,8000,"UCAS 104-120; IELTS 6.0 (UG) / 6.5 (PG).",85.0,83.0,"Winchester International Student Scholarship (£1,000).","https://www.winchester.ac.uk/",15500,16500,98,https://www.winchester.ac.uk/media/Site-assets/img/image/logo/logo-black.svg
UK078,The University of Worcester,the-university-of-worcester,UK,Worcester,"A high-growth university focused on health, sports, and education with world-class facilities for disability sport.",12500,10500,"UCAS 96-112; IELTS 6.0 (min 5.5 in bands).",88.0,84.0,"International Student Scholarship; Early payment discount.","https://www.worcester.ac.uk/",15500,16500,107,https://studyskills.wp.worc.ac.uk/wp-content/uploads/2024/07/uow-shield-logo-dark.png
UK079,University College Birmingham,university-college-birmingham,UK,Birmingham,"Specializes in vocational and professional degrees in hospitality, culinary arts, and sports management.",13500,5500,"UCAS 88-104; IELTS 6.0; Level 3 vocational background.",86.0,81.0,"UCB International Scholarship; Progression scholarships.","https://www.ucb.ac.uk/",14500,15500,0,https://www.instituteofhospitality.org/wp-content/uploads/2018/06/UCB_In-Partnership_RGB_MED-2.jpg
UK080,University College London,university-college-ucl,UK,London,"A world-leading multi-disciplinary university and a global hub for research and innovation in Central London.",18500,45000,"A*AA-AAB (UCAS 144-152); IELTS 7.5 (min 6.5 in bands).",12.0,94.0,"UCL Global Undergraduate Scholarship; Denys Holland Award.","https://www.ucl.ac.uk/",28500,32500,4,https://www.russellgroup.ac.uk/sites/default/files/2025-02/UCL_logo.png
UK081,University for the Creative Arts,university-for-the-creative-arts,UK,Farnham,"A top specialist arts university with campuses across Kent and Surrey, focused on fashion, film, and fine arts.",14500,6000,"Portfolio mandatory; UCAS 104-120; IELTS 6.0.",45.0,88.0,"UCA Creative Europe Scholarship; International Merit Awards.","https://www.uca.ac.uk/",18500,19500,71,https://assets.studies-overseas.com/University_for_Creative_Arts_Desktop_U_Niversity_Logo_0a0272f835.webp
UK082,University of Aberdeen,university-of-aberdeen,UK,Aberdeen,"A historic Scottish university with 500 years of heritage, top-ranked for medicine and environmental science.",12500,16500,"UCAS 120-136; IELTS 6.5 (min 6.0).",35.0,90.0,"Aberdeen Global Scholarship (£3,000 - £5,000).","https://www.abdn.ac.uk/",19500,21500,15,https://www.abdn.ac.uk/abdn-design-system/releases/2.4.0/dist/images/layout/UoA_Primary_Logo_MONO_white.svg
UK083,University of Bath,university-of-bath,UK,Bath,"Consistently top-ranked for student satisfaction and sports, with a world-class reputation for management and engineering.",14500,19500,"A*AA-AAA; IELTS 7.0 (min 6.5 in bands).",17.0,93.0,"Chancellor's International Scholarship (£5,000).","https://www.bath.ac.uk/",22500,25500,8,https://www.graduatesfirst.com/wp-content/uploads/2021/10/BATH-9938704-1024x420.png
UK084,University of Bedfordshire,university-of-bedfordshire,UK,Luton,"A modern, diverse university offering industry-focused courses across campuses in Luton and Bedford.",13000,15500,"UCAS 88-104; IELTS 6.0; High school leaving cert.",84.0,76.0,"Vice Chancellor's International Scholarship (£1,000).","https://www.beds.ac.uk/",14500,15500,123,https://assets.studies-overseas.com/University_of_Bedfordshire_Desktop_U_Niversity_Logo_8fd9497486.webp
UK085,University of Birmingham,university-of-birmingham,UK,Birmingham,"A leading Russell Group university and a global research powerhouse with a beautiful red-brick campus.",13500,38000,"AAA-AAB; IELTS 6.5 (min 6.0).",15.0,91.0,"Birmingham Global Masters Scholarship (£2,000).","https://www.birmingham.ac.uk/",22500,25500,14,https://encrypted-tbn0.gstatic.com/images?q=tbn:ANd9GcSH7okEI51Mj7wcCX0P_QKxDrBD5XbHXa-6Ew&s
UK086,University of Bradford,university-of-bradford,UK,Bradford,"A pioneer in peace studies and ethical business, known for its triple-accredited business school and health sciences.",12000,12500,"UCAS 96-112; IELTS 6.0; Strong academic reference.",75.0,82.0,"Global Development Scholarship (full fee waiver).","https://www.bradford.ac.uk/external/",17500,18500,84,https://www.bradford.ac.uk/media-v8/t4-bank/assets/images/university-of-bradford-logo-postgraduate.svg
UK087,University of Brighton International College,university-of-brighton-international-college,UK,Brighton,"A specialized pathway provider for international students seeking entry to degrees at the University of Brighton.",15000,1500,"Successful completion of high school; IELTS 5.5 (UKVI).",90.0,85.0,"Pathway progression discounts for non-EU students.","https://www.kaplanpathways.com/",16500,17500,0,https://encrypted-tbn0.gstatic.com/images?q=tbn:ANd9GcSvXbEHpnGWbRpLUL8FkS6jqnm070WLgDKIjA&s
UK088,University of Brighton,university-of-brighton,UK,Brighton,"Known for its creative arts and professional qualifications, situated in a vibrant coastal city south of London.",15000,18500,"UCAS 104-120; IELTS 6.0 (UG) / 6.5 (PG).",68.0,84.0,"Brighton International Scholarship (£2,500 reduction).","https://www.brighton.ac.uk/index.aspx",17500,18500,80,https://www.brighton.ac.uk/_design/img/uob-logo-large.png
UK089,University of Bristol,university-of-bristol,UK,Bristol,"A prestigious Russell Group university in the West of England, a global leader in social sciences and STEM.",14500,28000,"A*AA-AAA; IELTS 7.0 (min 6.5).",14.0,92.0,"Think Big Undergraduate and Postgraduate Scholarships.","https://www.bristol.ac.uk/",23500,27500,16,https://www.bristol.ac.uk/assets/responsive-web-project/2.6.17/images/logos/uob-logo.svg
UK090,University of Cambridge,university-of-cambridge,UK,Cambridge,"One of the world's oldest and most prestigious universities, offering a unique collegiate experience and unparalleled research.",14500,24000,"A*A*A; IELTS 7.5 (min 7.0 in bands); Admissions test and interview.",18.0,98.0,"Cambridge Commonwealth, European and International Trust.","https://www.cam.ac.uk/",34500,38500,2,https://upload.wikimedia.org/wikipedia/commons/4/4d/University_of_Cambridge_logo.png
UK091,University of Chester,university-of-chester,UK,Chester,"A historic institution known for its high student satisfaction and strong focus on professional placement and employability.",12500,14500,"UCAS 96-112; IELTS 6.0; Personal statement showing relevant interest.",84.0,83.0,"International Merit Scholarship (£1,000 - £3,000); Early payment discount.","https://www.chester.ac.uk/",15500,16500,88,https://encrypted-tbn0.gstatic.com/images?q=tbn:ANd9GcRi-qBgfMDn46nRcgvhaECU36fV2Q6F1a8O5w&s
UK092,Chicago Booth School of Business,university-of-chicago-booth-school-of-business,UK,London,"The London campus of the world-renowned US business school, offering elite executive MBA and professional finance programs.",18500,1500,"Postgraduate only; Significant work experience; GMAT/GRE; IELTS 7.5.",12.0,98.0,"Global Executive MBA Scholarships; Sector-specific fellowships.","https://www.chicagobooth.edu/",0,55000,0,https://i.pinimg.com/736x/93/d9/3b/93d93b9d013a8fe4dcf9c35d57bd6522.jpg
UK093,University of Chichester,university-of-chichester,UK,Chichester,"A community-focused university top-ranked for student experience, specializing in creative arts, education, and sports.",13500,6500,"UCAS 96-112; IELTS 6.0; Audition/Portfolio for creative arts.",88.0,85.0,"International Student Bursary; Merit-based fee reductions.","https://www.chi.ac.uk/",15500,16000,64,https://www.chi.ac.uk/app/uploads/2025/04/Chi-Uni-logo-full-colour-white-rgb-1.svg
UK094,University of Cumbria,university-of-cumbria,UK,Carlisle,"Specializes in health, education, and the arts, with campuses in the Lake District and London.",12500,9500,"UCAS 88-104; IELTS 6.0; DBS check for health/teaching courses.",85.0,78.0,"Cumbria International Scholarship (£1,000 - £2,000).","https://www.cumbria.ac.uk/",15000,16000,118,https://www.cumbria.ac.uk/media/builder/blocks/header-logo.webp
UK095,University of Derby,university-of-derby,UK,Derby,"A modern university with strong industry links, especially in engineering, hospitality, and nursing.",12500,19500,"UCAS 104-120; IELTS 6.0 (UG) / 6.5 (PG).",76.0,82.0,"Great Start Scholarship (£2,000); International Merit Award.","https://www.derby.ac.uk/",15500,16500,93,https://assets.studies-overseas.com/University_of_Derby_Desktop_U_Niversity_Logo_21d69996da.webp
UK096,University of Dundee,university-of-dundee,UK,Dundee,"A top Scottish university with a global reputation for life sciences, medicine, and social impact.",12500,16500,"UCAS 112-128; IELTS 6.5 (min 6.0 in bands).",42.0,90.0,"Global Excellence Undergraduate Scholarship (£6,000).","https://www.dundee.ac.uk/",21500,23500,32,https://encrypted-tbn0.gstatic.com/images?q=tbn:ANd9GcQoKJgKbg1TjiCh6kX_2auDtIj6zDfws7QD5g&s
UK097,Durham University,university-of-durham,UK,Durham,"A world-class Russell Group university with a unique collegiate system and excellence in humanities and sciences.",13000,22500,"A*AA-AAB (UCAS 144-152); IELTS 7.0 (min 6.5).",18.0,95.0,"International Excellence Scholarship (£2,000 - £5,000).","https://www.dur.ac.uk/",24500,27500,6,https://www.dur.ac.uk/media/durham-university/site-assets/image/logo-white.svg
UK098,University of East Anglia,university-of-east-anglia,UK,Norwich,"A prestigious research-intensive university known for environmental science and creative writing.",13500,17500,"ABB-BBB (UCAS 120-128); IELTS 6.5 (min 6.0).",62.0,88.0,"UEA International Scholarship (up to 50% tuition reduction).","https://www.uea.ac.uk/",21500,23500,29,https://upload.wikimedia.org/wikipedia/commons/6/69/UEA_2016_Logo.png
UK099,University of East London,university-of-east-london,UK,London,"An ambitious university in East London focusing on career-readiness and digital skills for a global workforce.",17500,25000,"UCAS 96-112; IELTS 6.0 (min 5.5).",82.0,76.0,"UEL International Scholarship (£1,000 - £4,000).","https://www.uel.ac.uk/",15500,16500,114,https://www.uel.ac.uk/sites/default/files/2025-04/UEL_Logo_Strapline_white.svg
UK100,University of Edinburgh,university-of-edinburgh,UK,Edinburgh,"One of the world's top universities, a Russell Group member offering a rich heritage of innovation in STEM and arts.",14500,45000,"A*AA-AAA; IELTS 7.0 (min 6.5 in bands); Strong personal statement.",12.0,94.0,"Edinburgh Global Undergraduate and Postgraduate Scholarships.","https://www.ed.ac.uk/",28500,31500,5,https://collegeexpertmn.com/wp-content/uploads/2022/02/University_of_Edinburgh-Logo-e1645114908725-1024x264.png
UK101,University of Essex,university-of-essex,UK,Colchester,"A globally ranked university for social sciences, known for its radical spirit and international community.",13500,16500,"ABB-BBB (UCAS 120-128); IELTS 6.0 (UG) / 6.5 (PG).",65.0,84.0,"Essex International Excellence Scholarship (£5,000).","https://www.essex.ac.uk/",20500,21500,40,https://upload.wikimedia.org/wikipedia/commons/2/2e/University_of_Essex_logo.jpg
UK102,University of Exeter,university-of-exeter,UK,Exeter,"A Russell Group university in the South West with high student satisfaction and research excellence.",14000,30000,"AAA-AAB; IELTS 6.5 (min 6.0 in bands).",28.0,91.0,"Global Excellence Scholarship (£5,000 - £10,000).","https://www.exeter.ac.uk/",23500,26500,11,https://www.exeter.ac.uk/v8media/recruitmentsites/images/homepage/uoe-logo.svg
UK103,University of Glasgow,university-of-glasgow,UK,Glasgow,"A world-top 100 university and Russell Group member known for its stunning Gothic campus and research impact.",13000,35000,"AAA-ABB; IELTS 6.5-7.0 (min 6.5 in bands).",24.0,91.0,"University of Glasgow International Leadership Scholarship.","https://www.gla.ac.uk/",25500,28500,12,https://www.gla.ac.uk/3t4/img/ug-keyline-large.svg
UK104,University of Gloucestershire,university-of-gloucestershire,UK,Cheltenham,"A university focusing on sustainability and professional practice, with strong links to computing and media.",13000,12000,"UCAS 104-120; IELTS 6.0 (min 5.5).",78.0,81.0,"International Merit Scholarship (£2,000 reduction).","https://www.glos.ac.uk/",16000,17000,94,https://www.glos.ac.uk/wp-content/themes/glos--parent/resources/dist/img/masthead/dark/logo.svg
UK105,University Academy 92,university-of-greater-manchester,UK,Manchester,"A pioneering institution co-founded by the Class of '92 and Lancaster University, focusing on character and industry skills.",13500,2500,"UCAS 96-112; IELTS 6.0; Strong focus on personal development goals.",85.0,80.0,"UA92 Global Scholarship; Local business bursaries.","ua92.ac.uk",15500,16500,0,https://greatermanchester.ac.uk/UoB/images/UGM-blue-on-trans.png
UK106,University of Greenwich,university-of-greenwich,UK,London,"Located on a stunning World Heritage site, it offers professional degrees in business, engineering, and nursing.",17000,22500,"UCAS 104-120; IELTS 6.0 (UG) / 6.5 (PG).",68.0,82.0,"International Scholarship Award (£1,000 - £3,000).","https://www.gre.ac.uk/",16500,18500,105,https://www.gre.ac.uk/__data/assets/image/0035/265688/logo_final_on_white.png
UK107,University of Hertfordshire,university-of-hertfordshire-higher-education-corporation,UK,Hatfield,"A business-facing university near London with world-class facilities in aerospace and creative arts.",14500,32000,"UCAS 104-120; IELTS 6.0 (UG) / 6.5 (PG).",74.0,81.0,"Vice-Chancellor's Scholarship (£1,000 - £4,000).","https://www.herts.ac.uk/",16500,18000,91,https://encrypted-tbn0.gstatic.com/images?q=tbn:ANd9GcRYoq1WvG8yJrhgnXDLehP1VHP_90N8f0B_PQ&s
UK108,University of Huddersfield,university-of-huddersfield,UK,Huddersfield,"Awarded Gold for Teaching Excellence, it is known for its strong emphasis on vocational skills and student support.",12500,20000,"UCAS 104-120; IELTS 6.0 (min 5.5).",75.0,84.0,"International Excellence Scholarship (£2,000 - £4,000).","https://www.hud.ac.uk/",16500,17500,69,https://www.hud.ac.uk/media/universityofhuddersfield/styleassets/images/2016homepageimages/uoh-logo-2019-white.svg
UK109,University of Hull,university-of-hull,UK,Hull,"A historic university with a major focus on social justice and sustainability, offering a low cost of living.",11500,16000,"UCAS 104-120; IELTS 6.0 (min 5.5).",82.0,83.0,"Hull International Student Scholarship (£1,000).","https://www.hull.ac.uk/",16500,17500,74,https://encrypted-tbn0.gstatic.com/images?q=tbn:ANd9GcRgxuj0xtBtH8f4NUOioWsncwQlaWeggqES_A&s
UK110,University of Kent,university-of-kent,UK,Canterbury,"The 'UK's European University', known for its global outlook and excellence in humanities and law.",13500,19500,"ABB-BBB (UCAS 120-128); IELTS 6.5 (min 6.0).",68.0,85.0,"Kent International Scholarship (£3,000).","https://www.kent.ac.uk/",20500,22500,52,https://encrypted-tbn0.gstatic.com/images?q=tbn:ANd9GcTRXzlcJ183c6GQL2wk1MIYKnmddT0hPYo7fw&s
UK111,University of Central Lancashire,university-of-lancashire,UK,Preston,"A massive modern university (UCLan) with a focus on real-world learning and a leading medical school for international students.",12500,24000,"UCAS 104-120; IELTS 6.0; School leaving certificates.",72.0,82.0,"UCLan International Scholarship (£1,000 - £3,000).","www.uclan.ac.uk",15500,16500,102,https://www.graduatesfirst.com/wp-content/uploads/2025/09/university_of_lancashire_logo_rgb.png
UK112,University of Leeds,university-of-leeds,UK,Leeds,"A top-tier Russell Group university in a vibrant city, world-famous for business, engineering, and media.",13500,39000,"AAA-AAB (UCAS 144-152); IELTS 6.5 (min 6.0).",15.0,92.0,"International Undergraduate Merit Scholarship (50% tuition).","https://www.leeds.ac.uk/",25500,28500,22,https://encrypted-tbn0.gstatic.com/images?q=tbn:ANd9GcTlJEV_NxpeqzEiHz0Dsu4QstykPSxjdqUktg&s
UK113,University of Leicester,university-of-leicester,UK,Leicester,"A research-intensive university known for the discovery of genetic fingerprinting and excellence in space science.",13000,20000,"ABB-BBB (UCAS 120-128); IELTS 6.5 (min 6.0).",74.0,86.0,"Leicester Global Study Scholarship (up to £5,000).","https://le.ac.uk/",21500,22500,48,https://encrypted-tbn0.gstatic.com/images?q=tbn:ANd9GcT2-HfsELIfFwoH6KjhqbYtea0ABnVZ7YKDPA&s
UK114,University of Lincoln,university-of-lincoln,UK,Lincoln,"A modern university with a beautiful campus and a Gold award for teaching excellence, known for industry links.",12500,16500,"UCAS 104-120; IELTS 6.0 (UG) / 6.5 (PG).",80.0,84.0,"Lincoln International Scholarship (£2,000 - £5,000).","https://www.lincoln.ac.uk/",16500,17500,43,https://www.lincoln.ac.uk/media/responsive2017/styleassets/images/HQ-Black-Landscaperesize2.png
UK115,University of Liverpool,university-of-liverpool,UK,Liverpool,"An original red-brick Russell Group university with a strong focus on clinical medicine, architecture, and engineering.",13000,30000,"AAA-ABB; IELTS 6.5 (min 6.0).",16.0,91.0,"Vice-Chancellor's International Attainment Scholarship.","https://www.liverpool.ac.uk/",23500,26500,24,https://encrypted-tbn0.gstatic.com/images?q=tbn:ANd9GcQBR6xdqb_QuH--LSZcubKffYJHrWIrohskHg&s
UK116,University of London,university-of-london,UK,London,"A federal university providing world-class distance and flexible learning options for students globally.",17500,50000,"Standard university entry requirements vary by federation member.",85.0,80.0,"Various scholarships via member colleges (UCL, LSE, etc.).","https://www.london.ac.uk/",18500,22500,0,https://www.london.ac.uk/themes/custom/numiko/dist/uol-white-logo-6d52f0fd.svg
UK117,University of Manchester,university-of-manchester,UK,Manchester,"A global powerhouse and Russell Group member, top-ranked for graduate employability and research impact.",14000,42000,"A*AA-AAA; IELTS 6.5-7.5 (min 6.5 in bands).",14.0,93.0,"Global Futures Scholarship; Subject-specific merit awards.","https://www.manchester.ac.uk/",28500,32500,19,https://assets.manchester.ac.uk/corporate/images/design/logo-university-of-manchester.png
UK118,Northumbria University,university-of-northumbria-at-newcastle,UK,Newcastle upon Tyne,"The 'Modern University of the Year' with a massive city-center presence and a top-rated business school.",12500,28500,"UCAS 112-128; IELTS 6.0 (UG) / 6.5 (PG).",62.0,87.0,"Northumbria Global Scholarship (£3,000 reduction).","https://www.northumbria.ac.uk/",18500,19500,36,https://encrypted-tbn0.gstatic.com/images?q=tbn:ANd9GcTCHV_MSwNvuLCm2qhPhCep3D3-tXbgJapsOw&s
UK119,University of Nottingham,university-of-nottingham,UK,Nottingham,"A prestigious Russell Group university known for its stunning parkland campus and global research in agriculture and MRI.",13500,34500,"AAA-ABB; IELTS 6.5 (min 6.0).",16.0,91.0,"International Undergraduate Excellence Scholarship.","https://www.nottingham.ac.uk/",24500,27500,28,https://www.nottingham.ac.uk/etc.clientlibs/uon/clientlibs/clientlib-site/resources/images/Logo-white.svg
UK120,University of Oxford,university-of-oxford,UK,Oxford,"The world's leading university, known for its tutorials, historic collegiate system, and unparalleled academic prestige.",15500,26000,"A*A*A; IELTS 7.5 (min 7.0); Admissions test and interview mandatory.",14.0,99.0,"Clarendon Fund; Reach Oxford Scholarships.","https://www.ox.ac.uk/",34500,39500,1,https://encrypted-tbn0.gstatic.com/images?q=tbn:ANd9GcQN_RXHgkoKYLZOoOFnWZT6Qw0XZW-MQ-nRhg&s
UK121,University of Plymouth,university-of-plymouth,UK,Plymouth,"A leading modern university with a strong reputation for marine research, dentistry, and sustainable engineering.",12500,21000,"UCAS 104-120; IELTS 6.0 (UG) / 6.5 (PG); Strong science background for STEM.",78.0,83.0,"International Student Scholarship (£2,000); Early payment discount.","https://www.plymouth.ac.uk/",16500,17500,70,https://d3bpgcke55gfwt.cloudfront.net/assets/uoplogo-7781d371f371f01ba417d9440f2092a9e96cbd33cb939f6cec72e77cbb01b8f0.svg
UK122,University of Portsmouth,university-of-portsmouth,UK,Portsmouth,"Highly rated for teaching quality and employability, particularly in criminal justice, business, and digital technologies.",13000,24000,"UCAS 104-120; IELTS 6.0; Personal statement and academic reference.",72.0,84.0,"Vice-Chancellor’s Global Merit Scholarship (£2,500 reduction).","https://www.port.ac.uk/",17500,18500,48,https://www.port.ac.uk/themes/custom/portsmouth//images/logo-mobile.png
UK123,University of Reading,university-of-reading,UK,Reading,"A world-top 200 university known for its excellence in climate science, agriculture, and the Henley Business School.",14000,19500,"ABB-BBB (UCAS 120-128); IELTS 6.5 (min 6.0); Subject specific reqs.",35.0,89.0,"Reading International Excellence Scholarship (up to £5,000).","https://www.reading.ac.uk/",21500,23500,34,https://www.reading.ac.uk/homepage/web/multimediafiles/legacy-uor-home.png
UK124,University of South Wales,university-of-south-wales,UK,Cardiff,"One of the largest universities in the UK, specializing in creative industries, engineering, and nursing.",12500,23000,"UCAS 96-112; IELTS 6.0; Recognized secondary school certificates.",82.0,80.0,"International Student Scholarship (£2,500 per year).","https://www.southwales.ac.uk/",15500,16500,95,https://d2dyentfmhddgy.cloudfront.net/institution/385/68a6eaa8ebb6d.68a6eaa94f849.png
UK125,University of Southampton,university-of-southampton,UK,Southampton,"A Russell Group founding member world-renowned for engineering, oceanography, and computer science.",13500,24500,"AAA-ABB; IELTS 6.5 (min 6.0 in bands); Strong math background for STEM.",18.0,91.0,"Southampton Presidential International Scholarship (£5,000 - £10,000).","https://www.southampton.ac.uk/",23500,26500,14,https://www.russellgroup.ac.uk/sites/default/files/2025-02/University%20of%20Southampton.png
UK126,University of St Andrews,university-of-st-andrews,UK,St Andrews,"Consistently ranked as the top university in the UK, offering a unique collegiate experience and academic rigor.",14500,10500,"AAA; IELTS 7.0-7.5; Strong personal statement and academic reference.",11.0,97.0,"St Andrews International Excellence Scholarship; Global Merit Award.","https://www.st-andrews.ac.uk/",29500,26500,1,https://i.namu.wiki/i/snaAk_ARSkr5JxcyZuJr27KU824MvVlQVLjaqSUCDkd7RCZj9KF6atgshpxJ98yxdONg-nSvLzXl9g9ktHqINQ.webp
UK127,University of St Mark & St John,university-of-st-mark-st-john,UK,Plymouth,"Commonly known as Marjon, it excels in teacher training, sports science, and health disciplines with a community focus.",12000,3000,"UCAS 88-104; IELTS 6.0; DBS check for health/teaching courses.",88.0,84.0,"Marjon International Bursary; Sports Excellence scholarships.","https://www.marjon.ac.uk/",14500,15500,110,https://www.marjon.ac.uk/media/2020-designs/logos/PlymouthMarjonUniversity_Blue.svg
UK128,Staffordshire University,university-of-staffordshire,UK,Stoke-on-Trent,"A pioneer in digital and technical education, famous for games design, forensics, and esports.",12000,15500,"UCAS 96-112; IELTS 6.0; Portfolio for creative/games courses.",84.0,79.0,"SMART Scholarship (£1,000 - £2,000); Alumni loyalty discount.","https://www.staffs.ac.uk/",16000,17000,93,https://www.staffs.ac.uk/site/images/logo-uos.xbc4ad30e.png
UK129,University of Stirling,university-of-stirling,UK,Stirling,"Scotland's university for sporting excellence, with high-quality research in health, aquaculture, and management.",13000,14500,"UCAS 112-128; IELTS 6.0 (UG) / 6.5 (PG); Personal statement.",74.0,86.0,"Stirling Management School Postgraduate Scholarship (£4,000).","https://www.stir.ac.uk/",19500,21500,45,https://pxl-v6-stiracuk.terminalfour.net/prod01/cdn/media/dist/css/images/logos/logo.svg
UK130,University of Strathclyde,university-of-strathclyde,UK,Glasgow,"A leading technological university in the heart of Glasgow, top-rated for business, engineering, and pharmacy.",13000,23500,"AAA-ABB; IELTS 6.5 (min 6.0 in bands); Strong academic record.",28.0,91.0,"Strathclyde Excellence Scholarships (up to £10,000).","https://www.strath.ac.uk/",19500,23500,16,https://encrypted-tbn0.gstatic.com/images?q=tbn:ANd9GcRTcNiNAU9IwJXJzcG_6xxgML3wlcHp5I9aHA&s
UK131,University of Suffolk,university-of-suffolk,UK,Ipswich,"A modern, high-growth university focused on innovation, entrepreneurship, and community-driven research.",12500,5500,"UCAS 88-104; IELTS 6.0; Secondary school completion certificates.",85.0,77.0,"Suffolk International Scholarship (£1,000 - £2,000 per year).","https://www.uos.ac.uk/",15500,16500,122,https://www.suffolk.ac.uk/app/uploads/2022/06/University-of-Suffolk_Logo_LR_RGB.png
UK132,University of Sunderland,university-of-sunderland,UK,Sunderland,"A global university with a major focus on health, pharmacy, and journalism, offering a very low cost of living.",12000,14500,"UCAS 96-112; IELTS 6.0 (min 5.5); Evidence of practical experience.",85.0,80.0,"International Scholarship (£1,500); Alumni fee reduction.","https://www.sunderland.ac.uk/",15000,16500,111,https://www.sunderland.ac.uk/image-library/site-config-assets/uos-logo-desktop.x7c55eae4.svg
UK133,University of Surrey,university-of-surrey,UK,Guildford,"Top-ranked for graduate employability, specializing in hospitality, space science, and veterinary medicine.",14500,16500,"ABB-BBB (UCAS 120-128); IELTS 6.5 (min 6.0); Science background for STEM.",42.0,90.0,"Surrey International Excellence Scholarship (£2,500 - £5,000).","https://www.surrey.ac.uk/",21500,23500,18,https://www.surrey.ac.uk/themes/custom/surrey/assets/dist/img/uos-logo.svg
UK134,University of Sussex,university-of-sussex,UK,Brighton,"A research-intensive university known for its interdisciplinary approach and excellence in international development.",14500,19500,"ABB-BBB (UCAS 120-128); IELTS 6.5 (min 6.0).",64.0,88.0,"Sussex Chancellor's International Scholarship (50% fee reduction).","https://www.sussex.ac.uk/",20500,22500,41,https://encrypted-tbn0.gstatic.com/images?q=tbn:ANd9GcQNRlws68u-Th84oP1OainaRGuhn5pByeh_yg&s
UK135,University of the Arts London,university-of-the-arts-london,UK,London,"Europe's largest specialist arts and design university, comprising six world-renowned colleges (CSM, LCF, etc.).",18500,21000,"Portfolio mandatory (highly competitive); IELTS 6.0-7.0.",22.0,92.0,"UAL International Postgraduate Scholarship (£5,000 - £50,000).","https://www.arts.ac.uk/",28500,31500,15,https://images.squarespace-cdn.com/content/v1/5ec1071a180f7335c3346217/1634139752444-3DARZANRR7TNKZA21R75/UAL.png
UK136,University of the Highlands and Islands,university-of-the-highlands-and-islands,UK,Inverness,"A unique federal university covering the Highlands and Islands of Scotland, specializing in adventure tourism and environment.",12500,10500,"UCAS 96-112; IELTS 6.0; Passion for rural/specialist study area.",88.0,81.0,"UHI International Student Scholarship; Regional bursaries.","https://www.uhi.ac.uk/en/",15500,16500,103,https://www.uhi.ac.uk/en/t4-media/one-web/university/admin-assets/img/logos/uhi-logo-reversed.png
UK137,University of the West of England,university-of-the-west-of-england,UK,Bristol,"A top modern university in Bristol known for industry partnerships, high employability, and creative technologies.",13500,28500,"UCAS 112-128; IELTS 6.0 (UG) / 6.5 (PG).",60.0,86.0,"UWE Bristol Vice-Chancellor's Scholarship (50% tuition reduction).","https://www.uwe.ac.uk/",16500,17500,61,https://www.uwe.ac.uk/assets/img/logo.svg
UK138,University of the West of Scotland,university-of-the-west-of-scotland,UK,Paisley,"A career-focused university with a strong emphasis on nursing, health, and engineering across five campuses.",12500,16000,"UCAS 96-112; IELTS 6.0 (min 5.5).",82.0,78.0,"UWS International Scholarship (£1,500); Global Reach Scholarship.","https://www.uws.ac.uk/",15500,16500,118,https://encrypted-tbn0.gstatic.com/images?q=tbn:ANd9GcRtDwWWVzbbUxvn0TVXpePy3m_DUVQRoZP93g&s
UK139,Ulster University,university-of-ulster,UK,Belfast,"A leading university in Northern Ireland with a major new Belfast city campus, specializing in business and health.",11500,25000,"ABB-BBB (UCAS 120-128); IELTS 6.0 (min 5.5).",75.0,88.0,"International Undergraduate Scholarship (£2,000 per year).","https://www.ulster.ac.uk/",17500,18500,38,https://www.ulster.ac.uk/__data/assets/git_bridge/0003/1705242/images/6764285d3728fcd6598ddf9d_ulster-university.svg
UK140,University of Wales Trinity St David,university-of-wales-trinity-st-david,UK,Swansea,"A historic university in Wales focused on applied learning in creative arts, engineering, and education.",12000,11500,"UCAS 88-104; IELTS 6.0; School leaving certificates.",86.0,80.0,"International Student Bursary (£1,000); Progression discounts.","https://www.uwtsd.ac.uk/",15000,16000,121,https://www.uwtsd.ac.uk/themes/custom/rutherford/images/logo.svg?t99w1x
UK141,University of Warwick,university-of-warwick,UK,Coventry,"A top-10 Russell Group university known for its elite business school (WBS), mathematics, and engineering.",13500,28500,"A*AA-AAA; IELTS 6.5-7.5 (min 6.5 in bands).",14.0,94.0,"Warwick Global Excellence Scholarship; WBS Merit Scholarships.","https://warwick.ac.uk/",26500,31500,9,https://d36jn9qou1tztq.cloudfront.net/static_war/render/id7/images/wordmark.svg.136055278947
UK142,University of Westminster,university-of-westminster,UK,London,"A global university in central London known for its media, fashion, and international relations departments.",17500,19500,"UCAS 104-120; IELTS 6.0 (UG) / 6.5 (PG).",65.0,82.0,"Westminster International Undergraduate Full Scholarship.","https://www.westminster.ac.uk/",16500,18000,105,https://encrypted-tbn0.gstatic.com/images?q=tbn:ANd9GcQmAJ-Ulphp_RX3Vs6X4JGBYOvkvUjbuEYu7A&s
UK143,University of Wolverhampton,university-of-wolverhampton,UK,Wolverhampton,"A modern university in the West Midlands with strong focus on teacher training, nursing, and digital arts.",12500,21500,"UCAS 88-104; IELTS 6.0; Relevant Level 3 background.",88.0,76.0,"Lord Paul Undergraduate Scholarship (£1,000 - £2,000).","https://www.wlv.ac.uk/",15500,16500,114,https://www.wlv.ac.uk/media/2019-template-assets/graphics/logo.svg
UK144,University of York,university-of-york,UK,York,"A prestigious Russell Group university known for its collegiate system and excellence in the arts and STEM.",12500,21000,"AAA-ABB (UCAS 128-144); IELTS 6.5 (min 6.0).",20.0,91.0,"Be Exceptional Scholarship (£2,500 - £7,500).","https://www.york.ac.uk/",21500,23500,17,https://www.york.ac.uk/static/2/images/uoy_logo_white.svg
UK145,Wrexham University,wrexham-university,UK,Wrexham,"A community-focused university in North Wales providing industry-aligned degrees with a focus on employability.",11500,5500,"UCAS 88-104; IELTS 6.0; School leaving certificates.",86.0,79.0,"International Student Scholarship; Welsh regional bursaries.","https://wrexham.ac.uk/",14500,15500,128,https://encrypted-tbn0.gstatic.com/images?q=tbn:ANd9GcQg5JG7D3tg_CJti-xpIaN5DuCsDCO3_GpRnw&s
UK146,York St John University,york-st-john-university,UK,York,"A historic university in the heart of York known for its high student satisfaction and inclusive community.",12500,7500,"UCAS 96-112; IELTS 6.0; Strong personal statement.",84.0,85.0,"York St John International Scholarship (£1,000 reduction).","https://www.yorksj.ac.uk/",15500,16000,90,https://studentconnect.org/uploads/institutions/652462774c0d9.png
UNIV_GLOBAL,Global Scholarships,global-scholarships,IE,Dublin,"State or national scholarships not tied to a single university.",0,0,"",0,0,"","",0,0,0